company_name,industry,company_size,location,website,description
(捷普集團)綠點高新科技股份有限公司捷普設計服務分公司,資訊科技,,,,
(美商)台灣通用器材股份有限公司,未分類,,,,
104人力銀行_一零四資訊科技股份有限公司,資訊科技,,,,
17LIVE_藝啟股份有限公司,資訊科技,,,,
17Life_康太數位整合股份有限公司,資訊科技,,,,
55688集團_台灣智慧生活網股份有限公司,資訊科技,,,,
91APP_英屬開曼群島商九一應用軟體股份有限公司台灣分公司,資訊科技,,,,
ASMPT Technology Limited_香港商先進太平洋股份有限公司台灣分公司,資訊科技,,,,
ASUSTOR_華芸科技股份有限公司,資訊科技,,,,
Advantech_研華股份有限公司,資訊科技,,,,
Allion_百佳泰股份有限公司,資訊科技,,,,
Antaira_艾科揚股份有限公司,資訊科技,,,,
BH Global 明輝環球集團新加坡商_胤輝昇科技有限公司,資訊科技,,,,
BigGo_樂方股份有限公司,資訊科技,,,,
CATCHPLAY_英屬蓋曼群島商威望國際娛樂股份有限公司台灣分公司,資訊科技,,,,
CHPT_中華精測科技股份有限公司,資訊科技,,,,
COMMEET_擁樂數據服務股份有限公司,資訊科技,,,,
Cino Group_偉斯股份有限公司,資訊科技,,,,
Compuware_肯微科技股份有限公司,資訊科技,,,,
Cooler Master_訊凱國際股份有限公司,資訊科技,,,,
DIGIEVER_永恒數位通訊科技股份有限公司,資訊科技,,,,
DMS_韓商電美世股份有限公司台灣分公司,資訊科技,,,,
DTC_迪梯西數位科技有限公司,資訊科技,,,,
DireSoft_德元軟體科技有限公司,資訊科技,,,,
"E-Century Information & Technology Co., Ltd._先得利資訊科技股份有限公司",資訊科技,,,,
ETC＿遠通電收股份有限公司,資訊科技,,,,
Eunodata_御諾資訊股份有限公司,資訊科技,,,,
GARMIN_台灣國際航電股份有限公司,資訊科技,,,,
GIS-KY(6456)業成集團_英特盛科技股份有限公司,資訊科技,,,,
GWA Energy_統量電能股份有限公司,資訊科技,,,,
Gogoro Taiwan Limited_睿能創意股份有限公司,資訊科技,,,,
HOMEE AI_睿締國際科技股份有限公司,資訊科技,,,,
"HUNG YANG SOFTWARE TECH. CO., LTD._鴻揚科技有限公司",資訊科技,,,,
Inventec_英業達股份有限公司,資訊科技,,,,
Kronos Research_麒方有限公司,資訊科技,,,,
LILEE SYSTEMS_理立系統股份有限公司,資訊科技,,,,
LRS_英屬維京群島商杰恒國際有限公司台灣分公司,未分類,,,,
LYC株式会社,資訊科技,,,,
Lexionlu Design Firm_瑞芙國際設計有限公司,設計,,,,
"Linker Vision Co., Ltd._鑫蘊林科股份有限公司",資訊科技,,,,
MyGo商學苑_平安房屋仲介股份有限公司,資訊科技,,,,
NVIDIA_新加坡商輝達開發有限公司台灣分公司,資訊科技,,,,
PChome Online_網路家庭國際資訊(股)公司,資訊科技,,,,
PMC_財團法人精密機械研究發展中心,製造業,,,,
POSITIVE GRID_佳格數位科技有限公司,資訊科技,,,,
Paramtek_拚願科技股份有限公司,資訊科技,,,,
Phison Electronics Corp_群聯電子股份有限公司,資訊科技,,,,
QNAP_威聯通科技股份有限公司,資訊科技,,,,
QSAN_廣盛科技股份有限公司,資訊科技,,,,
RADIANT KNIGHT LIMITED_薩摩亞商耀爵有限公司台灣分公司,資訊科技,,,,
Ragic_立即科技有限公司,資訊科技,,,,
SCREEN SPE Taiwan_台灣迪恩士半導體科技股份有限公司,資訊科技,,,,
TVBS_聯利媒體股份有限公司,行銷,,,,
Tezerakt_美商立方體有限公司台灣分公司,未分類,,,,
Trend Micro_趨勢科技股份有限公司,資訊科技,,,,
UGUARD NETWORKS_崴遠科技股份有限公司,資訊科技,,,,
Unition_英商優潠科技有限公司台灣分公司,資訊科技,,,,
WEINTEK_香港商威綸物聯網有限公司台灣分公司,資訊科技,,,,
Whitewater University of California,未分類,,,,
Wi-Fi ALLIANCE_香港商無線工業協作有限公司台灣分公司,資訊科技,,,,
Xtramus_拓碼科技股份有限公司,資訊科技,,,,
iSKI滑雪俱樂部_愛滑雪股份有限公司,資訊科技,,,,
一帆科技股份有限公司,資訊科技,,,,
一等一科技股份有限公司,資訊科技,,,,
一路發集運網股份有限公司,資訊科技,,,,
一通數位有限公司,資訊科技,,,,
一騰資訊服務股份有限公司,資訊科技,,,,
三久建材工業股份有限公司,資訊科技,,,,
三久股份有限公司,資訊科技,,,,
三井日本料理餐飲集團_上引水產有限公司,服務業,,,,
三井資訊股份有限公司,資訊科技,,,,
三信商業銀行股份有限公司,金融業,,,,
三商美福室內裝修股份有限公司,資訊科技,,,,
三商美邦人壽保險股份有限公司_總公司,金融業,,,,
三弦科技有限公司,資訊科技,,,,
三益制動科技股份有限公司,資訊科技,,,,
三竹資訊股份有限公司,資訊科技,,,,
三號口資訊科技股份有限公司,資訊科技,,,,
三貝德數位文創股份有限公司,資訊科技,,,,
三軍總醫院附設民眾診療服務處_醫務企劃管理部,服務業,,,,
上儀股份有限公司,資訊科技,,,,
上尚科技股份有限公司,資訊科技,,,,
上洋產業股份有限公司,資訊科技,,,,
上海商業儲蓄銀行股份有限公司,金融業,,,,
上緯國際投資控股股份有限公司,金融業,,,,
上銀科技股份有限公司,資訊科技,,,,
不晚科技有限公司,資訊科技,,,,
世界先進積體電路股份有限公司,資訊科技,,,,
中光電創境股份有限公司,製造業,,,,
中冠資訊股份有限公司,資訊科技,,,,
中國信託商業銀行股份有限公司,金融業,,,,
中國信託產物保險股份有限公司,金融業,,,,
中國醫藥大學附設醫院,醫療,,,,
中山醫學大學附設醫院,資訊科技,,,,
中泰租賃股份有限公司,資訊科技,,,,
中磊電子股份有限公司,資訊科技,,,,
中租企業_中租證券投資顧問股份有限公司,金融業,,,,
中程資訊顧問有限公司,資訊科技,,,,
中興保全科技股份有限公司,資訊科技,,,,
中興工程顧問股份有限公司,商業,,,,
中良工業股份有限公司,資訊科技,,,,
中華數位科技股份有限公司,資訊科技,,,,
中華紙漿股份有限公司,資訊科技,,,,
中華資安國際股份有限公司,資訊科技,,,,
中華電信子公司_宏華國際股份有限公司,資訊科技,,,,
中菲電腦股份有限公司,資訊科技,,,,
丹麥商科拉蔚有限公司,資訊科技,,,,
主橙資訊科技股份有限公司,資訊科技,,,,
久德電子科技股份有限公司,資訊科技,,,,
九六八數位資訊股份有限公司,資訊科技,,,,
九天資產管理股份有限公司,資訊科技,,,,
乾坤科技股份有限公司_台達電子集團,資訊科技,,,,
予新科技有限公司,資訊科技,,,,
云智資訊股份有限公司,資訊科技,,,,
互動資通股份有限公司,資訊科技,,,,
五九集英科技股份有限公司,資訊科技,,,,
五崧捷運股份有限公司,資訊科技,,,,
五強軟體科技股份有限公司,資訊科技,,,,
五方科技股份有限公司,資訊科技,,,,
五百戶科技股份有限公司,資訊科技,,,,
五福旅行社股份有限公司,資訊科技,,,,
井昇股份有限公司,資訊科技,,,,
亞亞科技股份有限公司,資訊科技,,,,
亞勳科技股份有限公司,資訊科技,,,,
亞旭電腦股份有限公司,資訊科技,,,,
亞昕資訊股份有限公司,資訊科技,,,,
亞智科技股份有限公司,資訊科技,,,,
亞泰半導體設備股份有限公司,資訊科技,,,,
亞洲水泥股份有限公司,資訊科技,,,,
亞瑞特數位社群行銷有限公司,資訊科技,,,,
亞翔集團_亞翔工程股份有限公司,資訊科技,,,,
亞虎科技股份有限公司,資訊科技,,,,
亦思科技股份有限公司,資訊科技,,,,
京元電子股份有限公司,資訊科技,,,,
亮易科技有限公司,資訊科技,,,,
亮紫科技股份有限公司,資訊科技,,,,
亮點科技有限公司,資訊科技,,,,
人一醫療器材股份有限公司,醫療,,,,
人工智能股份有限公司,資訊科技,,,,
人醫生物科技有限公司,資訊科技,,,,
仁寶電腦工業股份有限公司,資訊科技,,,,
仁維軟體科技有限公司,資訊科技,,,,
今時科技股份有限公司,資訊科技,,,,
以勤科技股份有限公司,資訊科技,,,,
以西結自動化股份有限公司,資訊科技,,,,
仲琦科技股份有限公司,資訊科技,,,,
伊士博國際商業股份有限公司,商業,,,,
伍碩科技股份有限公司,資訊科技,,,,
佑華微電子股份有限公司,資訊科技,,,,
佑陞資訊有限公司,資訊科技,,,,
佛教慈濟醫療財團法人,醫療,,,,
佛教慈濟醫療財團法人台中慈濟醫院,醫療,,,,
佛教慈濟醫療財團法人台北慈濟醫院,醫療,,,,
佳凌科技股份有限公司,資訊科技,,,,
佳帝科技有限公司,資訊科技,,,,
佳測新技股份有限公司,資訊科技,,,,
佳研智聯股份有限公司,資訊科技,,,,
佳陞科技有限公司,資訊科技,,,,
佳靖科技股份有限公司,資訊科技,,,,
來毅數位科技股份有限公司,資訊科技,,,,
來穎科技股份有限公司(錸德集團),資訊科技,,,,
侑盈科技有限公司,資訊科技,,,,
"保聖那管理顧問股份有限公司(Pasona Taiwan Co., Ltd.)",資訊科技,,,,
信紘科技股份有限公司,資訊科技,,,,
信諾科技股份有限公司,資訊科技,,,,
信通交通器材股份有限公司,資訊科技,,,,
信邦電子股份有限公司,資訊科技,,,,
倍利科技股份有限公司,資訊科技,,,,
倚強科技股份有限公司,資訊科技,,,,
倢邦科技有限公司,資訊科技,,,,
偉康科技股份有限公司,資訊科技,,,,
偉詮電子股份有限公司,資訊科技,,,,
偕湛國際股份有限公司,資訊科技,,,,
健和興端子股份有限公司,製造業,,,,
健研科技有限公司,資訊科技,,,,
健訊企業有限公司,資訊科技,,,,
傑克商業自動化股份有限公司,商業,,,,
傑創資訊股份有限公司,資訊科技,,,,
傑泰軟體開發股份有限公司,資訊科技,,,,
傑瑀企業有限公司,資訊科技,,,,
傳奇亞太科技有限公司,資訊科技,,,,
傳接球實驗數據股份有限公司,資訊科技,,,,
像素數科技術有限公司,資訊科技,,,,
儀銳實業有限公司,資訊科技,,,,
億光電子工業股份有限公司,資訊科技,,,,
億力資訊股份有限公司,資訊科技,,,,
億力鑫系統科技股份有限公司,資訊科技,,,,
億尚精密工業股份有限公司,製造業,,,,
億豐綜合工業股份有限公司,資訊科技,,,,
億集創見應用科技股份有限公司,資訊科技,,,,
優式機器人股份有限公司,資訊科技,,,,
優式資本股份有限公司,資訊科技,,,,
優必闊科技股份有限公司,資訊科技,,,,
優渥科技有限公司,資訊科技,,,,
優能家科技股份有限公司,資訊科技,,,,
優達盟資訊科技有限公司,資訊科技,,,,
優達科技股份有限公司,資訊科技,,,,
允強實業股份有限公司,資訊科技,,,,
允承科技股份有限公司,資訊科技,,,,
元佳宇股份有限公司,資訊科技,,,,
元大期貨股份有限公司,資訊科技,,,,
元大金融控股股份有限公司(元大金控) (元大證券) (元大銀行),金融業,,,,
元威資訊科技股份有限公司,資訊科技,,,,
元富證券股份有限公司,金融業,,,,
元生工業股份有限公司,資訊科技,,,,
元鈦科技股份有限公司,資訊科技,,,,
兆弘微創有限公司,資訊科技,,,,
兆徠科技股份有限公司,資訊科技,,,,
兆發科技股份有限公司,資訊科技,,,,
兆豐票券金融股份有限公司,金融業,,,,
先宏資訊股份有限公司,資訊科技,,,,
先知科技股份有限公司,資訊科技,,,,
先進光電科技股份有限公司,資訊科技,,,,
先鋒機械股份有限公司,製造業,,,,
光大科技股份有限公司,資訊科技,,,,
光子網絡科技有限公司,資訊科技,,,,
光寶科技股份有限公司,資訊科技,,,,
光研智能股份有限公司,資訊科技,,,,
光遠科技股份有限公司,資訊科技,,,,
克雷爾科技股份有限公司,資訊科技,,,,
全國電子股份有限公司,資訊科技,,,,
全支付電子支付股份有限公司,資訊科技,,,,
全景軟體股份有限公司,資訊科技,,,,
全智科技股份有限公司,資訊科技,,,,
全曜財經資訊股份有限公司,資訊科技,,,,
全球儀器科技股份有限公司,資訊科技,,,,
全科科技股份有限公司,資訊科技,,,,
全聯福利中心_全聯實業股份有限公司,資訊科技,,,,
全鑫精密工業股份有限公司,製造業,,,,
八維智能股份有限公司,資訊科技,,,,
六月初一_八結國際股份有限公司,資訊科技,,,,
六點資訊科技有限公司,資訊科技,,,,
典泰科技股份有限公司,資訊科技,,,,
兼智科技有限公司,資訊科技,,,,
円通科技股份有限公司,資訊科技,,,,
冠信電腦股份有限公司_台達電子集團,資訊科技,,,,
冠嘉系統科技有限公司,資訊科技,,,,
冠宇國際電子股份有限公司,資訊科技,,,,
冠宇數位科技股份有限公司,資訊科技,,,,
冠睿機械有限公司,製造業,,,,
冰點空調_盟昆企業有限公司,資訊科技,,,,
凌網科技股份有限公司,資訊科技,,,,
凌群資訊股份有限公司,資訊科技,,,,
凌群電腦股份有限公司,資訊科技,,,,
凌聚農業科技股份有限公司,資訊科技,,,,
凌華科技股份有限公司,資訊科技,,,,
凌誠科技股份有限公司,資訊科技,,,,
凌陽科技股份有限公司,資訊科技,,,,
凱亞科技股份有限公司,資訊科技,,,,
凱信資訊股份有限公司,資訊科技,,,,
凱基證券股份有限公司,金融業,,,,
凱基金融控股股份有限公司|凱基證券|凱基銀行|中華開發資本|凱基投信,金融業,,,,
凱發科技股份有限公司,資訊科技,,,,
凱碩科技股份有限公司,資訊科技,,,,
凱衛資訊股份有限公司,資訊科技,,,,
凸版蓋特資訊股份有限公司,資訊科技,,,,
利凌企業股份有限公司,資訊科技,,,,
利永環球科技股份有限公司,資訊科技,,,,
前進國際股份有限公司,資訊科技,,,,
創創數位科技股份有限公司,資訊科技,,,,
創奕科技企業社,資訊科技,,,,
創客應用技術有限公司,資訊科技,,,,
創控科技股份有限公司,資訊科技,,,,
創新服務股份有限公司,服務業,,,,
創未來科技股份有限公司,資訊科技,,,,
創盟電子工業股份有限公司,資訊科技,,,,
創見資訊股份有限公司,資訊科技,,,,
劍橋自動化科技股份有限公司,資訊科技,,,,
力悅資訊股份有限公司,資訊科技,,,,
力致科技股份有限公司,資訊科技,,,,
力麗科技股份有限公司,資訊科技,,,,
加林軟體科技有限公司,資訊科技,,,,
劦承精密股份有限公司,製造業,,,,
動力安全資訊股份有限公司,資訊科技,,,,
勝品電通股份有限公司,資訊科技,,,,
勝圖國際企業股份有限公司,資訊科技,,,,
勝海科技有限公司,資訊科技,,,,
勤學科技股份有限公司,資訊科技,,,,
勤崴國際科技股份有限公司,資訊科技,,,,
勤業眾信聯合會計師事務所,商業,,,,
北宸科技股份有限公司,資訊科技,,,,
北祥科技服務股份有限公司,資訊科技,,,,
區塊科技股份有限公司,資訊科技,,,,
千享國際企業股份有限公司,資訊科技,,,,
卓碼資訊股份有限公司,資訊科技,,,,
協合國際法律事務所,商業,,,,
協同能源科技股份有限公司,資訊科技,,,,
南亞科技股份有限公司,資訊科技,,,,
南京資訊股份有限公司,資訊科技,,,,
南寶樹脂化學工廠股份有限公司,未分類,,,,
南港輪胎股份有限公司,資訊科技,,,,
南訊企業股份有限公司,資訊科技,,,,
博世科智能股份有限公司,資訊科技,,,,
博來科技股份有限公司,資訊科技,,,,
博太實業有限公司,未分類,,,,
博彥科技有限公司,資訊科技,,,,
博德科技股份有限公司,資訊科技,,,,
博思顧問有限公司,商業,,,,
博敦電子股份有限公司,資訊科技,,,,
博晶醫電股份有限公司,資訊科技,,,,
博暉科技股份有限公司,資訊科技,,,,
博梭智能科技股份有限公司,資訊科技,,,,
博磊科技股份有限公司,資訊科技,,,,
博聯生技股份有限公司,醫療,,,,
博訊生物科技股份有限公司,資訊科技,,,,
博訊科技股份有限公司,資訊科技,,,,
博識資訊顧問有限公司,資訊科技,,,,
博采科技有限公司,資訊科技,,,,
博鈞科技股份有限公司,資訊科技,,,,
博銳亞太研發股份有限公司,資訊科技,,,,
印尼商奧拉創意有限公司台灣分公司,設計,,,,
印能科技股份有限公司,資訊科技,,,,
原誠有限公司,資訊科技,,,,
及成企業股份有限公司,資訊科技,,,,
友信行股份有限公司,資訊科技,,,,
友勁科技股份有限公司,資訊科技,,,,
友晁能源材料股份有限公司,製造業,,,,
友達智慧移動股份有限公司,資訊科技,,,,
叡廷股份有限公司,資訊科技,,,,
叡揚資訊股份有限公司,資訊科技,,,,
口袋證券股份有限公司,金融業,,,,
可力生醫股份有限公司,資訊科技,,,,
可思科技股份有限公司,資訊科技,,,,
可成科技股份有限公司,資訊科技,,,,
可艾創意科技股份有限公司,資訊科技,,,,
台光電子材料股份有限公司,資訊科技,,,,
台北富邦商業銀行股份有限公司,金融業,,,,
台北市私立時代國際語文短期補習班,教育,,,,
台北港科技股份有限公司,資訊科技,,,,
台北艾信策劃有限公司,資訊科技,,,,
台塑新智能科技股份有限公司,資訊科技,,,,
台塑網科技股份有限公司,資訊科技,,,,
台普威能源股份有限公司,資訊科技,,,,
台林電通股份有限公司,資訊科技,,,,
台榮實業廠股份有限公司,資訊科技,,,,
台泥企業團_台泥儲能科技股份有限公司,資訊科技,,,,
台泥企業團_臺泥資訊股份有限公司,資訊科技,,,,
台灣住友培科股份有限公司,資訊科技,,,,
台灣創通聯達智能技術有限公司,資訊科技,,,,
台灣北星科技股份有限公司,資訊科技,,,,
台灣塔奇恩科技股份有限公司,資訊科技,,,,
台灣大哥大股份有限公司,資訊科技,,,,
台灣安川電機股份有限公司,資訊科技,,,,
台灣富力思泰科技股份有限公司,資訊科技,,,,
台灣富士通股份有限公司,資訊科技,,,,
台灣山二股份有限公司,資訊科技,,,,
台灣德賽西威有限公司,資訊科技,,,,
台灣恩悌悌數據股份有限公司,資訊科技,,,,
台灣愛淨節能科技股份有限公司,資訊科技,,,,
台灣托納斯科技有限公司,資訊科技,,,,
台灣新光保全股份有限公司(SKS),資訊科技,,,,
台灣晉陞太空股份有限公司,資訊科技,,,,
台灣智慧駕駛股份有限公司,資訊科技,,,,
台灣暹勁股份有限公司,資訊科技,,,,
台灣村田機械股份有限公司,製造業,,,,
台灣松下電器股份有限公司,未分類,,,,
台灣林內工業股份有限公司,資訊科技,,,,
台灣歐特柏科技有限公司,資訊科技,,,,
台灣海博特股份有限公司,資訊科技,,,,
台灣用友資訊軟體有限公司,資訊科技,,,,
台灣知識庫股份有限公司,資訊科技,,,,
台灣碩網網路娛樂股份有限公司,資訊科技,,,,
台灣立訊精密有限公司,製造業,,,,
台灣細胞製造股份有限公司,製造業,,,,
台灣脈動股份有限公司,資訊科技,,,,
台灣英特艾倫人力資源有限公司,未分類,,,,
台灣英視股份有限公司,資訊科技,,,,
台灣荏原精密股份有限公司,製造業,,,,
台灣迪維科股份有限公司,資訊科技,,,,
台灣運動彩券股份有限公司,資訊科技,,,,
台灣邁那比股份有限公司,未分類,,,,
台灣銘板股份有限公司,資訊科技,,,,
台灣電子系統設計自動化股份有限公司,資訊科技,,,,
台灣骨王生技股份有限公司,醫療,,,,
台研國際科技股份有限公司,資訊科技,,,,
台科電科技股份有限公司,資訊科技,,,,
台聯科股份有限公司,資訊科技,,,,
台達電子工業股份有限公司 _DELTA ELECTRONICS INC.,資訊科技,,,,
台鉅生技股份有限公司,醫療,,,,
台銨科技股份有限公司,資訊科技,,,,
台鎔科技材料股份有限公司,資訊科技,,,,
合勤企業集團_勤晁科技股份有限公司,資訊科技,,,,
合勤企業集團_合勤科技股份有限公司,資訊科技,,,,
合邦商網股份有限公司,資訊科技,,,,
吉而特科技股份有限公司,資訊科技,,,,
吉音資訊有限公司,資訊科技,,,,
同亨科技股份有限公司,資訊科技,,,,
同人旺企業社,資訊科技,,,,
同德股份有限公司,資訊科技,,,,
名豐電子股份有限公司,資訊科技,,,,
向陽優能電力股份有限公司,資訊科技,,,,
和旺昌噴霧股份有限公司,資訊科技,,,,
和椿科技股份有限公司,資訊科技,,,,
和泰豐田物料運搬股份有限公司,資訊科技,,,,
和碩集團_和碩聯合科技股份有限公司,資訊科技,,,,
咸軏智能科技股份有限公司,資訊科技,,,,
哇寶國際資訊股份有限公司,資訊科技,,,,
哈伯精密股份有限公司,製造業,,,,
唄粉智能科技股份有限公司,資訊科技,,,,
商之器科技股份有限公司,資訊科技,,,,
商合行股份有限公司,資訊科技,,,,
商智資訊股份有限公司,資訊科技,,,,
啟發電子股份有限公司,資訊科技,,,,
啟碁科技股份有限公司,資訊科技,,,,
喜雲科技有限公司,資訊科技,,,,
喬山健康科技股份有限公司,資訊科技,,,,
喬崴進科技股份有限公司,資訊科技,,,,
喬禾科技自動化機械有限公司,資訊科技,,,,
嘉基科技股份有限公司,資訊科技,,,,
嘉實資訊股份有限公司,資訊科技,,,,
嘉捷科技企業股份有限公司,資訊科技,,,,
嘉澤端子工業股份有限公司,資訊科技,,,,
嘉聯科技股份有限公司,資訊科技,,,,
嘉衡科技有限公司,資訊科技,,,,
嚮樂科技股份有限公司,資訊科技,,,,
四天科技有限公司,資訊科技,,,,
固也泰電子工業有限公司,資訊科技,,,,
固德科技股份有限公司,資訊科技,,,,
固緯電子實業股份有限公司,資訊科技,,,,
國家光電股份有限公司,製造業,,,,
國家太空中心,資訊科技,,,,
國家資通安全研究院,資訊科技,,,,
國泰世華商業銀行股份有限公司,金融業,,,,
國泰綜合證券股份有限公司,金融業,,,,
國泰證券投資信託股份有限公司,金融業,,,,
國泰金控_國泰金融控股股份有限公司,金融業,,,,
國祥貿易股份有限公司,資訊科技,,,,
國票綜合證券股份有限公司,金融業,,,,
國立臺北科技大學,資訊科技,,,,
國立雲林科技大學_智慧辨識產業服務研究中心,資訊科技,,,,
國興資訊股份有限公司,資訊科技,,,,
國際精工股份有限公司,資訊科技,,,,
圖靈數位股份有限公司,資訊科技,,,,
地為達股份有限公司,資訊科技,,,,
均利科技股份有限公司,資訊科技,,,,
均英精密工業股份有限公司,製造業,,,,
均華精密工業股份有限公司,製造業,,,,
垚鋐系統科技股份有限公司,資訊科技,,,,
埃立思科技股份有限公司,資訊科技,,,,
城智科技股份有限公司,資訊科技,,,,
堯晉科技有限公司,資訊科技,,,,
塞席爾商岱沛有限公司台灣分公司,資訊科技,,,,
塞席爾商瑞迪寰宇股份有限公司台灣分公司,資訊科技,,,,
士林電機廠股份有限公司,未分類,,,,
壹久科技股份有限公司,資訊科技,,,,
夏木樂股份有限公司,資訊科技,,,,
大云永續科技股份有限公司,資訊科技,,,,
大光長榮機械股份有限公司,製造業,,,,
大同世界科技股份有限公司,資訊科技,,,,
大將作工業股份有限公司,資訊科技,,,,
大州數位服務股份有限公司,資訊科技,,,,
大康織機股份有限公司,資訊科技,,,,
大成集團餐飲服務群 檀島茶餐廳/好食城商場/中一排骨/吉福雞鋪 _都城實業股份有限公司,服務業,,,,
大數據股份有限公司,資訊科技,,,,
大數智能教育股份有限公司,教育,,,,
大暉自動化有限公司,資訊科技,,,,
大根光學工業股份有限公司,資訊科技,,,,
大樹連鎖藥局_大樹醫藥股份有限公司,醫療,,,,
大氣電漿股份有限公司,資訊科技,,,,
大熊科技有限公司,資訊科技,,,,
大碩智能科技股份有限公司,資訊科技,,,,
大立光電股份有限公司,製造業,,,,
大筆資訊股份有限公司,資訊科技,,,,
大統集團_大統百貨企業股份有限公司,資訊科技,,,,
大聯大控股股份有限公司,資訊科技,,,,
大豐有線電視股份有限公司,資訊科技,,,,
大象數位科技有限公司,資訊科技,,,,
大量生技股份有限公司,醫療,,,,
大鵬科技股份有限公司,資訊科技,,,,
大鷗摩飛智能有限公司,資訊科技,,,,
天主教聖功醫療財團法人聖功醫院,醫療,,,,
天思數位科技股份有限公司,資訊科技,,,,
天成醫療社團法人天晟醫院,醫療,,,,
天擎積體電路股份有限公司,資訊科技,,,,
天方科技實業股份有限公司,資訊科技,,,,
天明製藥股份有限公司,資訊科技,,,,
天昕科技股份有限公司,資訊科技,,,,
天晴資訊有限公司,資訊科技,,,,
天瀚國際科技有限公司,資訊科技,,,,
天燿股份有限公司,資訊科技,,,,
天瑞企業股份有限公司,資訊科技,,,,
天祥醫院,資訊科技,,,,
天良生物科技企業股份有限公司,資訊科技,,,,
天虹科技股份有限公司,資訊科技,,,,
天鏡科技股份有限公司,資訊科技,,,,
太平洋電線電纜股份有限公司,資訊科技,,,,
太睿資訊顧問股份有限公司,資訊科技,,,,
太能系統股份有限公司,資訊科技,,,,
奇偶科技股份有限公司,資訊科技,,,,
奇唯科技股份有限公司,資訊科技,,,,
奇方動力有限公司,資訊科技,,,,
奇正科技股份有限公司,資訊科技,,,,
奇異科技資訊有限公司,資訊科技,,,,
奇美車電股份有限公司,資訊科技,,,,
奇美集團_新視代科技股份有限公司,資訊科技,,,,
奇美食品股份有限公司,資訊科技,,,,
奇翼醫電股份有限公司,資訊科技,,,,
奇豐資訊科技股份有限公司,資訊科技,,,,
奇蹟行動科技有限公司,資訊科技,,,,
奇雲國際股份有限公司,資訊科技,,,,
奇韋系統股份有限公司,資訊科技,,,,
奇點無限股份有限公司,資訊科技,,,,
契星科技股份有限公司,資訊科技,,,,
奕力科技股份有限公司,資訊科技,,,,
奕微科半導體科技股份有限公司,資訊科技,,,,
奕界科技有限公司,資訊科技,,,,
奧丁丁集團英屬開曼群島商台灣子公司_歐簿客科技股份有限公司,資訊科技,,,,
奧米科技有限公司,資訊科技,,,,
奧義智慧科技股份有限公司,資訊科技,,,,
奧麗數位廣告有限公司,資訊科技,,,,
如果電話亭科技股份有限公司,資訊科技,,,,
始祖鳥科技有限公司,資訊科技,,,,
威佳科技有限公司,資訊科技,,,,
威僑股份有限公司,資訊科技,,,,
威光自動化科技股份有限公司,資訊科技,,,,
威力暘電子股份有限公司,資訊科技,,,,
威強電工業電腦股份有限公司,資訊科技,,,,
威欣系統股份有限公司,資訊科技,,,,
威煦軟體開發有限公司,資訊科技,,,,
威益資訊股份有限公司,資訊科技,,,,
威盛電子股份有限公司,資訊科技,,,,
威睿科技股份有限公司,資訊科技,,,,
威誠資訊科技有限公司,資訊科技,,,,
威鋒數位開發股份有限公司,資訊科技,,,,
學思行數位行銷股份有限公司,資訊科技,,,,
學甫營造股份有限公司,資訊科技,,,,
宇利峯有限公司,資訊科技,,,,
宇博實業股份有限公司,資訊科技,,,,
宇沛永續股份有限公司,資訊科技,,,,
宇泰華科技股份有限公司,資訊科技,,,,
宇瞻科技股份有限公司,資訊科技,,,,
宇萌數位科技股份有限公司,資訊科技,,,,
宇見智能科技股份有限公司,資訊科技,,,,
宇辰系統科技股份有限公司,資訊科技,,,,
安創科技股份有限公司,資訊科技,,,,
安富科技股份有限公司,資訊科技,,,,
安富財經科技股份有限公司,資訊科技,,,,
安德森生技股份有限公司,醫療,,,,
安普新股份有限公司,資訊科技,,,,
安永金融科技股份有限公司,資訊科技,,,,
安泰商業銀行股份有限公司,金融業,,,,
安特庫資訊科技有限公司,資訊科技,,,,
安瑟樂威股份有限公司,資訊科技,,,,
安研科技股份有限公司,資訊科技,,,,
安馳科技股份有限公司,資訊科技,,,,
宏于電機股份有限公司,資訊科技,,,,
宏屹企業股份有限公司,資訊科技,,,,
宏思科技有限公司,資訊科技,,,,
宏燁資訊股份有限公司,資訊科技,,,,
宏益科技服務股份有限公司,資訊科技,,,,
宏致電子股份有限公司,資訊科技,,,,
宏虹電子科技有限公司,資訊科技,,,,
宏誌科技股份有限公司,資訊科技,,,,
宏達電 HTC Corporation_宏達國際電子股份有限公司,資訊科技,,,,
宏韃資訊顧問有限公司,資訊科技,,,,
宗宸鑫科技股份有限公司,資訊科技,,,,
宗展股份有限公司,資訊科技,,,,
宗賢科技有限公司,資訊科技,,,,
宜眾資訊股份有限公司,資訊科技,,,,
宜虹科技股份有限公司,資訊科技,,,,
宜鼎國際股份有限公司,資訊科技,,,,
宣德科技股份有限公司,資訊科技,,,,
宥倍實業股份有限公司,資訊科技,,,,
家碩科技股份有限公司,資訊科技,,,,
宸忻科技有限公司,資訊科技,,,,
富一代資訊有限公司,資訊科技,,,,
富創數位生活有限公司,資訊科技,,,,
富宇翔電通股份有限公司,資訊科技,,,,
富星科技有限公司,資訊科技,,,,
富智康國際股份有限公司,資訊科技,,,,
富智捷股份有限公司,資訊科技,,,,
富比庫股份有限公司,資訊科技,,,,
富泰動力股份有限公司,未分類,,,,
富爾特科技股份有限公司,資訊科技,,,,
富田電機股份有限公司,資訊科技,,,,
富益昌智能整合股份有限公司,資訊科技,,,,
富聯國際有限公司,資訊科技,,,,
富萱科技股份有限公司,資訊科技,,,,
富蘭登科技股份有限公司,資訊科技,,,,
富邦人壽保險股份有限公司(總公司),金融業,,,,
富邦媒體科技股份有限公司(富邦momo),資訊科技,,,,
富邦綜合證券股份有限公司,金融業,,,,
富邦金融控股股份有限公司,金融業,,,,
富采光電股份有限公司 (原為晶元光電及隆達電子),資訊科技,,,,
富錦未來股份有限公司,資訊科技,,,,
實揚科技有限公司,資訊科技,,,,
寧茂企業股份有限公司,資訊科技,,,,
寰繹科技有限公司,資訊科技,,,,
寶健科技股份有限公司,資訊科技,,,,
寶元數控股份有限公司,資訊科技,,,,
寶島光學科技股份有限公司,資訊科技,,,,
將能數位行銷有限公司,資訊科技,,,,
專加系統科技股份有限公司,資訊科技,,,,
尊博科技股份有限公司,資訊科技,,,,
小熊科技有限公司,資訊科技,,,,
小磨坊國際貿易股份有限公司,資訊科技,,,,
尚程資訊有限公司,資訊科技,,,,
展市華科技有限公司,資訊科技,,,,
展睿資訊股份有限公司,資訊科技,,,,
展綠科技股份有限公司,資訊科技,,,,
展達通訊股份有限公司_群光集團關係企業,資訊科技,,,,
山富國際旅行社股份有限公司,資訊科技,,,,
山淬股份有限公司,資訊科技,,,,
岦威智控有限公司,未分類,,,,
岱鐠科技股份有限公司,資訊科技,,,,
峰馳科技有限公司,資訊科技,,,,
峻新電腦股份有限公司,資訊科技,,,,
崇瑋工業股份有限公司,製造業,,,,
崑鼎綠能環保股份有限公司,資訊科技,,,,
崧虹科技股份有限公司,資訊科技,,,,
嵙思科技股份有限公司,資訊科技,,,,
川寶科技股份有限公司,資訊科技,,,,
工一科技有限公司,資訊科技,,,,
工智聯科技股份有限公司,資訊科技,,,,
工樂行動科技股份有限公司,資訊科技,,,,
工研院 _財團法人工業技術研究院,資訊科技,,,,
巨兆數位有限公司,資訊科技,,,,
巨將隆工程股份有限公司,未分類,,,,
巨獸科技有限公司,資訊科技,,,,
巴涼科技股份有限公司,資訊科技,,,,
帆宣系統科技股份有限公司,資訊科技,,,,
希爾康生醫科技股份有限公司,資訊科技,,,,
帕特萊克有限公司,資訊科技,,,,
帝大生醫有限公司,資訊科技,,,,
帝緯系統整合股份有限公司,資訊科技,,,,
帷享科技股份有限公司台中分公司,資訊科技,,,,
常珵科技股份有限公司,資訊科技,,,,
干城數碼有限公司,資訊科技,,,,
平安線有限公司,資訊科技,,,,
康代科技股份有限公司,資訊科技,,,,
康和綜合證券股份有限公司,金融業,,,,
康新室內設計公司_康新室內裝修設計工程股份有限公司,設計,,,,
康泰智能科技股份有限公司,資訊科技,,,,
康統醫學科技股份有限公司,資訊科技,,,,
康翔科技股份有限公司,資訊科技,,,,
廣三SOGO_廣三崇光國際開發股份有限公司,資訊科技,,,,
廣明光電股份有限公司_廣達關係企業,製造業,,,,
廣積科技股份有限公司,資訊科技,,,,
廣運機械工程股份有限公司,製造業,,,,
建晟科技有限公司,資訊科技,,,,
建騰創達科技股份有限公司,資訊科技,,,,
弈樂科技股份有限公司,資訊科技,,,,
弋揚科技股份有限公司,資訊科技,,,,
弓銓企業股份有限公司,資訊科技,,,,
弘凱光電股份有限公司,製造業,,,,
弘潔科技股份有限公司,資訊科技,,,,
弘訊科技股份有限公司,資訊科技,,,,
強茂股份有限公司,資訊科技,,,,
彌通數位有限公司,資訊科技,,,,
彥豪智能科技股份有限公司,資訊科技,,,,
彩富電子股份有限公司,資訊科技,,,,
彩神科技股份有限公司,資訊科技,,,,
彩虹互動科技有限公司,資訊科技,,,,
律碁科技股份有限公司,資訊科技,,,,
得力富企業股份有限公司,資訊科技,,,,
御大倉股份有限公司,資訊科技,,,,
微勁精密有限公司,製造業,,,,
微巨行動科技股份有限公司,資訊科技,,,,
微幸軟體有限公司,資訊科技,,,,
微梓網絡科技有限公司,資訊科技,,,,
微碧愛普科技有限公司,資訊科技,,,,
微程式資訊股份有限公司,資訊科技,,,,
德勝科技股份有限公司,資訊科技,,,,
德安資訊股份有限公司,資訊科技,,,,
德律科技股份有限公司,資訊科技,,,,
德昂資訊股份有限公司,資訊科技,,,,
德洛斯科技股份有限公司,資訊科技,,,,
德義資訊股份有限公司,資訊科技,,,,
德耀網通有限公司,資訊科技,,,,
心統科技有限公司,資訊科技,,,,
志聖工業股份有限公司,資訊科技,,,,
快思股份有限公司,資訊科技,,,,
思考軟體科技有限公司,資訊科技,,,,
思量科技有限公司,資訊科技,,,,
思銳生醫科技股份有限公司,資訊科技,,,,
怡利電子工業股份有限公司,資訊科技,,,,
怡東人事顧問股份有限公司,商業,,,,
恆昌科技有限公司,資訊科技,,,,
恆準定位股份有限公司,資訊科技,,,,
恆碩科技股份有限公司,資訊科技,,,,
恆豐國際電子股份有限公司,資訊科技,,,,
恩德科技股份有限公司,資訊科技,,,,
恩沛科技股份有限公司,資訊科技,,,,
恩萊特科技股份有限公司,資訊科技,,,,
悅慶資訊有限公司,資訊科技,,,,
悅通系統有限公司,製造業,,,,
悟智股份有限公司,資訊科技,,,,
悠由數據應用股份有限公司,資訊科技,,,,
惠斯頓材料科技股份有限公司,資訊科技,,,,
惠特科技股份有限公司,資訊科技,,,,
意藍資訊股份有限公司,資訊科技,,,,
愛吠的狗娛樂股份有限公司,資訊科技,,,,
愛恩科技股份有限公司,資訊科技,,,,
愛比科技股份有限公司,資訊科技,,,,
愛爾蘭商益華科技股份有限公司台灣分公司,資訊科技,,,,
愛爾蘭商速聯股份有限公司台灣分公司,資訊科技,,,,
愛生育生物科技股份有限公司,資訊科技,,,,
愛群生醫醫療集團_愛群婦產科診所,醫療,,,,
愛訊電網科技股份有限公司,資訊科技,,,,
慧景科技股份有限公司,資訊科技,,,,
慧智基因股份有限公司,資訊科技,,,,
慧通智聯股份有限公司,資訊科技,,,,
慶天太空工程有限公司,資訊科技,,,,
憶鎰科技有限公司,資訊科技,,,,
成強科技股份有限公司,資訊科技,,,,
成新科技股份有限公司,資訊科技,,,,
所羅門股份有限公司,資訊科技,,,,
承啟醫系股份有限公司,資訊科技,,,,
承暉資訊整合股份有限公司,資訊科技,,,,
承穎科技有限公司,資訊科技,,,,
技嘉科技股份有限公司,資訊科技,,,,
技高工業股份有限公司,資訊科技,,,,
技鼎股份有限公司,資訊科技,,,,
拓境科技有限公司,資訊科技,,,,
拓荒數碼科技股份有限公司,資訊科技,,,,
拓雲資科股份有限公司,資訊科技,,,,
振曜科技股份有限公司,資訊科技,,,,
捷創數位股份有限公司,資訊科技,,,,
捷創科技股份有限公司,資訊科技,,,,
捷安特_巨大機械工業股份有限公司,製造業,,,,
捷廣系統整合股份有限公司,資訊科技,,,,
捷智科技股份有限公司,資訊科技,,,,
捷濤有限公司,資訊科技,,,,
捷特威科技股份有限公司,資訊科技,,,,
捷而思股份有限公司,資訊科技,,,,
捷虹資訊股份有限公司,資訊科技,,,,
捷通軟體股份有限公司,資訊科技,,,,
捷鵬國際股份有限公司,資訊科技,,,,
探網科技股份有限公司,資訊科技,,,,
揚新科技股份有限公司,資訊科技,,,,
揚朋科技股份有限公司,資訊科技,,,,
摩揪台灣股份有限公司,資訊科技,,,,
摩絡人工智慧股份有限公司,資訊科技,,,,
擇也整合顧問行,商業,,,,
擎創系統科技股份有限公司,資訊科技,,,,
擎壤科技股份有限公司,資訊科技,,,,
支點雲端科技股份有限公司,資訊科技,,,,
政美應用股份有限公司,資訊科技,,,,
政高有限公司,資訊科技,,,,
敦新科技股份有限公司,資訊科技,,,,
敦陽科技股份有限公司,資訊科技,,,,
數位無限軟體股份有限公司,資訊科技,,,,
文中資訊股份有限公司,資訊科技,,,,
文境資科股份有限公司,資訊科技,,,,
文星電子股份有限公司,資訊科技,,,,
斐亞米有限公司,資訊科技,,,,
斯其大科技股份有限公司,資訊科技,,,,
新人類資訊科技股份有限公司,資訊科技,,,,
新光紡織股份有限公司,資訊科技,,,,
新加坡商兆普有限公司台灣分公司,資訊科技,,,,
新加坡商兆晶生物科技股份有限公司台灣分公司,資訊科技,,,,
新加坡商威兆科技有限公司台灣分公司,資訊科技,,,,
新加坡商斯摩科技有限公司台灣分公司,資訊科技,,,,
新加坡商昇新科技股份有限公司台灣分公司,資訊科技,,,,
新加坡商立可人事顧問有限公司台灣分公司,商業,,,,
新加坡商羅福斯有限公司台灣分公司,資訊科技,,,,
新加坡商鈦坦科技股份有限公司台灣分公司,資訊科技,,,,
新加坡商雅迪克股份有限公司台灣分公司,資訊科技,,,,
新北海企業股份有限公司,資訊科技,,,,
新夥伴科技股份有限公司,資訊科技,,,,
新捷能資訊股份有限公司,資訊科技,,,,
新普科技股份有限公司,資訊科技,,,,
新析生物科技股份有限公司,資訊科技,,,,
新泰工業股份有限公司,資訊科技,,,,
新漢股份有限公司,資訊科技,,,,
新百王證券股份有限公司,金融業,,,,
新盛力科技股份有限公司,資訊科技,,,,
新穎數位股份有限公司,資訊科技,,,,
新立資訊股份有限公司,資訊科技,,,,
新誼整合科技股份有限公司,資訊科技,,,,
新達科技股份有限公司,資訊科技,,,,
新鉅科技股份有限公司,資訊科技,,,,
方俊工程有限公司,資訊科技,,,,
方勛資訊有限公司,資訊科技,,,,
方見科技股份有限公司,資訊科技,,,,
方達科技股份有限公司,資訊科技,,,,
方鼎資訊股份有限公司,資訊科技,,,,
旅天下聯合國際旅行社股份有限公司,資訊科技,,,,
日博設計有限公司,設計,,,,
日山能源科技有限公司,資訊科技,,,,
日峰科技股份有限公司,資訊科技,,,,
日新科技股份有限公司,資訊科技,,,,
日新軟體股份有限公司,資訊科技,,,,
日月光半導體製造股份有限公司,資訊科技,,,,
日本NEC集團_統智科技股份有限公司,資訊科技,,,,
日益智慧能源股份有限公司,資訊科技,,,,
日盛台駿國際租賃股份有限公司,資訊科技,,,,
日辰資訊股份有限公司,資訊科技,,,,
旭東機械工業股份有限公司,製造業,,,,
旭福股份有限公司,資訊科技,,,,
旭禾精密有限公司,製造業,,,,
旭辰資訊股份有限公司,資訊科技,,,,
旺宏電子股份有限公司,資訊科技,,,,
旺玖科技股份有限公司,資訊科技,,,,
旺矽科技股份有限公司,資訊科技,,,,
昇捷頌科技股份有限公司,資訊科技,,,,
昇華科技股份有限公司,資訊科技,,,,
昇詮科技股份有限公司,資訊科技,,,,
昇達科技股份有限公司,資訊科技,,,,
明匯資本股份有限公司,資訊科技,,,,
明基三豐醫療器材股份有限公司,醫療,,,,
明基電通股份有限公司,資訊科技,,,,
明瑞資通科技股份有限公司,資訊科技,,,,
明達醫學科技股份有限公司,資訊科技,,,,
易勝資訊股份有限公司,資訊科技,,,,
易展數位科技股份有限公司,資訊科技,,,,
易捷系統股份有限公司,資訊科技,,,,
易發精機股份有限公司,資訊科技,,,,
昕力資訊股份有限公司,資訊科技,,,,
昕奇雲端科技股份有限公司,資訊科技,,,,
昕睿資訊股份有限公司,資訊科技,,,,
昜碩科技股份有限公司,資訊科技,,,,
星亞視覺股份有限公司,資訊科技,,,,
星普思管理諮詢有限公司,資訊科技,,,,
星歐光學股份有限公司,資訊科技,,,,
星眾科技股份有限公司,資訊科技,,,,
星通資訊股份有限公司,資訊科技,,,,
春水堂人文茶館_春水堂實業股份有限公司,資訊科技,,,,
昱誠智能服務股份有限公司,服務業,,,,
時刻無限股份有限公司,資訊科技,,,,
時珍有限公司,資訊科技,,,,
晟瑞科技股份有限公司,資訊科技,,,,
普匯金融科技股份有限公司,資訊科技,,,,
普鴻資訊股份有限公司,資訊科技,,,,
景佳科技有限公司,資訊科技,,,,
景浤精密有限公司,製造業,,,,
景翊科技股份有限公司,資訊科技,,,,
景貿國際有限公司,未分類,,,,
晶呈科技股份有限公司,資訊科技,,,,
晶實科技股份有限公司,資訊科技,,,,
晶彩科技股份有限公司,資訊科技,,,,
晶心科技股份有限公司,資訊科技,,,,
晶焱科技股份有限公司,資訊科技,,,,
晶睿通訊股份有限公司_台達電子集團,資訊科技,,,,
晶碩光學股份有限公司,資訊科技,,,,
晶芯光電股份有限公司,製造業,,,,
晶茂資訊科技股份有限公司,資訊科技,,,,
智動航科股份有限公司,資訊科技,,,,
智匯創育股份有限公司,資訊科技,,,,
智合天下科技股份有限公司,資訊科技,,,,
智域國際股份有限公司,資訊科技,,,,
智庫驅動股份有限公司,資訊科技,,,,
智感雲端科技股份有限公司,資訊科技,,,,
智慧價值股份有限公司,資訊科技,,,,
智新資通股份有限公司,資訊科技,,,,
智滙科技股份有限公司,資訊科技,,,,
智炬科技股份有限公司,資訊科技,,,,
智璟科技股份有限公司,資訊科技,,,,
智生活科技股份有限公司,資訊科技,,,,
智禾科技股份有限公司,資訊科技,,,,
智管家科技股份有限公司,資訊科技,,,,
智群智慧股份有限公司,資訊科技,,,,
智見科技股份有限公司,資訊科技,,,,
智逐科技股份有限公司,資訊科技,,,,
智通聯網科技股份有限公司,資訊科技,,,,
智連工控股份有限公司,資訊科技,,,,
智邦科技股份有限公司,資訊科技,,,,
智齡科技股份有限公司,資訊科技,,,,
暉盛科技股份有限公司,資訊科技,,,,
暢騰科技有限公司,資訊科技,,,,
曜祥網技股份有限公司,資訊科技,,,,
曜通資訊有限公司,資訊科技,,,,
曼塔睿科技股份有限公司,資訊科技,,,,
"替您錄科技股份有限公司(TGC Taiwan, Inc.)",資訊科技,,,,
有量科技股份有限公司,資訊科技,,,,
木兮科技有限公司,資訊科技,,,,
本土股份有限公司,資訊科技,,,,
杜浦數位安全股份有限公司,資訊科技,,,,
杭特電子股份有限公司,資訊科技,,,,
杰倫智能科技股份有限公司,資訊科技,,,,
杰定管理顧問有限公司,商業,,,,
杰悉科技股份有限公司,資訊科技,,,,
東佑達奈米系統股份有限公司,資訊科技,,,,
東元醫療社團法人東元綜合醫院,醫療,,,,
東元電機股份有限公司,設計,,,,
東典科技股份有限公司,資訊科技,,,,
東利租賃有限公司,資訊科技,,,,
東友科技股份有限公司,資訊科技,,,,
東哥遊艇_東哥企業股份有限公司,資訊科技,,,,
東慧國際諮詢顧問股份有限公司,商業,,,,
東擎科技股份有限公司,資訊科技,,,,
東碩資訊股份有限公司,資訊科技,,,,
東訊股份有限公司,資訊科技,,,,
東遠精技工業股份有限公司,資訊科技,,,,
東陽實業廠股份有限公司,資訊科技,,,,
東鴻環保顧問有限公司,商業,,,,
松凌科技股份有限公司,資訊科技,,,,
松川精密股份有限公司,製造業,,,,
松瑞製藥股份有限公司,資訊科技,,,,
松盟科技股份有限公司,資訊科技,,,,
松翰科技股份有限公司,資訊科技,,,,
析數智匯股份有限公司,資訊科技,,,,
林同棪工程顧問股份有限公司,商業,,,,
果實夥伴股份有限公司,資訊科技,,,,
柏格科技股份有限公司,資訊科技,,,,
柏通股份有限公司,資訊科技,,,,
某科技股份有限公司,資訊科技,,,,
株式会社BoostDraft,資訊科技,,,,
株式会社シエス情報,資訊科技,,,,
格得電子工業股份有限公司,資訊科技,,,,
格新智能股份有限公司,資訊科技,,,,
格路科技股份有限公司,資訊科技,,,,
桓竑智聯股份有限公司,資訊科技,,,,
桓達科技股份有限公司,資訊科技,,,,
梭特科技股份有限公司,資訊科技,,,,
棋淩科技股份有限公司,資訊科技,,,,
棣南股份有限公司,資訊科技,,,,
植根國際資訊股份有限公司,資訊科技,,,,
極佳電通股份有限公司,資訊科技,,,,
極現科技股份有限公司,資訊科技,,,,
極緻健康科技股份有限公司,資訊科技,,,,
極速超跑_極速整合行銷有限公司,行銷,,,,
極酷科技有限公司,資訊科技,,,,
榮群電訊股份有限公司,資訊科技,,,,
榮輪科技股份有限公司,資訊科技,,,,
樂屋國際資訊股份有限公司,資訊科技,,,,
樂澄娛樂有限公司,資訊科技,,,,
樂澄科技股份有限公司,資訊科技,,,,
樂華科技股份有限公司,資訊科技,,,,
樂點股份有限公司,資訊科技,,,,
樺康智雲股份有限公司,資訊科技,,,,
樺漢科技股份有限公司_鴻海集團,資訊科技,,,,
樺遠科技有限公司,資訊科技,,,,
橋牧科技股份有限公司,資訊科技,,,,
橙森國際有限公司,資訊科技,,,,
橙澳科技股份有限公司,資訊科技,,,,
櫻特森系統整合股份有限公司,資訊科技,,,,
欣亞數位股份有限公司,資訊科技,,,,
欣創科技有限公司,資訊科技,,,,
欣技資訊股份有限公司,資訊科技,,,,
歐姆佳科技股份有限公司,資訊科技,,,,
歐立威科技股份有限公司,資訊科技,,,,
正光自動化有限公司,資訊科技,,,,
正啟科技股份有限公司,資訊科技,,,,
正基科技股份有限公司,資訊科技,,,,
正大人力資源管理顧問有限公司,商業,,,,
正大聯合會計師事務所(Grant Thornton),商業,,,,
正奇精密科技股份有限公司,資訊科技,,,,
正崴精密工業股份有限公司,製造業,,,,
正淩精密工業股份有限公司,製造業,,,,
正航資訊股份有限公司,資訊科技,,,,
正麗科技股份有限公司,資訊科技,,,,
毅嘉科技股份有限公司,資訊科技,,,,
毅聲科技有限公司,資訊科技,,,,
比漾廣場Beyond Plaza_豐東興業股份有限公司,製造業,,,,
民傑資科股份有限公司,資訊科技,,,,
氫豐綠能科技股份有限公司,資訊科技,,,,
水星工程科技有限公司,資訊科技,,,,
永信集團_永鴻國際生技股份有限公司,醫療,,,,
永億資訊有限公司,資訊科技,,,,
永大杉綠能科技股份有限公司,資訊科技,,,,
永廷科技有限公司,資訊科技,,,,
永智顧問股份有限公司,商業,,,,
永磐科技股份有限公司,資訊科技,,,,
永豐商業銀行股份有限公司,金融業,,,,
永豐證券投資信託股份有限公司,金融業,,,,
永進機械工業股份有限公司,製造業,,,,
汎宇電商股份有限公司,資訊科技,,,,
決勝科技股份有限公司,資訊科技,,,,
沃亞科技股份有限公司,資訊科技,,,,
沃龍超遊股份有限公司,資訊科技,,,,
沅聖科技股份有限公司,資訊科技,,,,
沐恩生醫光電股份有限公司,製造業,,,,
沛思坦網路股份有限公司,資訊科技,,,,
沛智生醫科技股份有限公司,資訊科技,,,,
沛鑫包裝科技股份有限公司,資訊科技,,,,
河流遊戲股份有限公司,資訊科技,,,,
泓偊科技股份有限公司,資訊科技,,,,
泓格科技股份有限公司,資訊科技,,,,
泛太資訊科技開發股份有限公司,資訊科技,,,,
波色科技股份有限公司,資訊科技,,,,
泰創工程股份有限公司,資訊科技,,,,
泰科動力股份有限公司,資訊科技,,,,
泰興工程顧問股份有限公司,商業,,,,
泰金寶電通股份有限公司,資訊科技,,,,
洽富實業股份有限公司,資訊科技,,,,
流亞科技股份有限公司,資訊科技,,,,
浩園科技股份有限公司,資訊科技,,,,
浪LIVE_旭瑞文化傳媒股份有限公司,資訊科技,,,,
海慶科技有限公司,資訊科技,,,,
海納川管理顧問股份有限公司,商業,,,,
海華科技股份有限公司,資訊科技,,,,
淇譽電子科技股份有限公司,資訊科技,,,,
淳安電子股份有限公司,資訊科技,,,,
清谷電子有限公司,資訊科技,,,,
源昇整合方案智財股份有限公司,資訊科技,,,,
準線智慧科技股份有限公司,資訊科技,,,,
準進科技有限公司,資訊科技,,,,
滙嘉健康生活科技股份有限公司,資訊科技,,,,
滾石移動股份有限公司,資訊科技,,,,
滿天星電腦股份有限公司,資訊科技,,,,
漢昕科技股份有限公司,資訊科技,,,,
漢民科技股份有限公司,資訊科技,,,,
漢特威科技股份有限公司,資訊科技,,,,
漢科系統科技股份有限公司,資訊科技,,,,
漢聯海運承攬運送有限公司,資訊科技,,,,
漢龍資訊科技股份有限公司,資訊科技,,,,
潤新資訊股份有限公司,資訊科技,,,,
澄乘科技股份有限公司,資訊科技,,,,
澄楓資訊股份有限公司,資訊科技,,,,
澄毅半導體股份有限公司,資訊科技,,,,
澄清綜合醫院,資訊科技,,,,
澤瑞實業有限公司,未分類,,,,
澤群科技股份有限公司,資訊科技,,,,
瀚品數位科技有限公司,資訊科技,,,,
瀚宇博德股份有限公司,資訊科技,,,,
炫石有限公司,資訊科技,,,,
炳碩生醫股份有限公司,資訊科技,,,,
炳逸數位資訊股份有限公司,資訊科技,,,,
為騰科技有限公司,資訊科技,,,,
烽泰科技有限公司,資訊科技,,,,
無限創意科技有限公司,資訊科技,,,,
燁聯鋼鐵股份有限公司,資訊科技,,,,
燦坤實業股份有限公司,資訊科技,,,,
燿華電子股份有限公司,資訊科技,,,,
牧德科技股份有限公司,資訊科技,,,,
物聯智慧股份有限公司,資訊科技,,,,
特銓股份有限公司,資訊科技,,,,
犀牛盾_愛進化科技股份有限公司,資訊科技,,,,
狀態網際網路股份有限公司,資訊科技,,,,
王座國際餐飲股份有限公司,服務業,,,,
王道機器人股份有限公司,資訊科技,,,,
玖鼎電力資訊股份有限公司,資訊科技,,,,
玟締科技有限公司,資訊科技,,,,
玩構網路科技有限公司,資訊科技,,,,
珀子科技股份有限公司,資訊科技,,,,
理太科技股份有限公司,資訊科技,,,,
瑋恆科技有限公司,資訊科技,,,,
瑛聲科技企業股份有限公司,資訊科技,,,,
瑞仕普科技股份有限公司,資訊科技,,,,
瑞保網路科技股份有限公司,資訊科技,,,,
瑞傳科技股份有限公司,資訊科技,,,,
瑞儀光電股份有限公司,製造業,,,,
瑞典商英鉑科股份有限公司台灣分公司,資訊科技,,,,
瑞司智慧整合股份有限公司,未分類,,,,
瑞嘉軟體科技股份有限公司,資訊科技,,,,
瑞宇國際股份有限公司,商業,,,,
瑞德感知科技股份有限公司,資訊科技,,,,
瑞思登科技股份有限公司,資訊科技,,,,
瑞成奈米股份有限公司,資訊科技,,,,
瑞昱半導體股份有限公司,資訊科技,,,,
瑞智精密股份有限公司,製造業,,,,
瑞比智慧科技股份有限公司,資訊科技,,,,
瑞相科技股份有限公司,資訊科技,,,,
瑞祺電通股份有限公司,資訊科技,,,,
瑞竣科技股份有限公司,資訊科技,,,,
瑞訊股份有限公司,資訊科技,,,,
瑞賢實業股份有限公司,資訊科技,,,,
瑞軒科技股份有限公司,資訊科技,,,,
瑞鈦醫療器材股份有限公司,醫療,,,,
瑞鑑航太科技股份有限公司,資訊科技,,,,
瑞鼎科技股份有限公司,資訊科技,,,,
瑪克多股份有限公司,資訊科技,,,,
璟越科技有限公司,資訊科技,,,,
環輿科技股份有限公司,資訊科技,,,,
環鴻科技股份有限公司,資訊科技,,,,
璽合康股份有限公司,資訊科技,,,,
生德奈生物科技股份有限公司,資訊科技,,,,
由田新技股份有限公司,資訊科技,,,,
甲尚股份有限公司,資訊科技,,,,
町洋企業股份有限公司,資訊科技,,,,
登彥科技股份有限公司,資訊科技,,,,
白金科技股份有限公司,資訊科技,,,,
百一電子股份有限公司,資訊科技,,,,
百世教育科技股份有限公司,資訊科技,,,,
百商數位科技股份有限公司,資訊科技,,,,
百昌生物醫藥科技股份有限公司,資訊科技,,,,
百瀚英語_瀚將教育科技股份有限公司,資訊科技,,,,
百辰光電股份有限公司,製造業,,,,
百通科技股份有限公司,資訊科技,,,,
百阜科技股份有限公司,資訊科技,,,,
皆凱科技有限公司,資訊科技,,,,
皇乾企業有限公司,資訊科技,,,,
皇晶科技股份有限公司,資訊科技,,,,
皇霖實業股份有限公司,未分類,,,,
皓展資訊股份有限公司,資訊科技,,,,
皜暉科技有限公司,資訊科技,,,,
皮克網路有限公司,資訊科技,,,,
盈吉資訊有限公司,資訊科技,,,,
盈正豫順電子股份有限公司,資訊科技,,,,
益和豐精密應用有限公司,製造業,,,,
益材科技股份有限公司,資訊科技,,,,
益豐國際股份有限公司,資訊科技,,,,
盛大資訊股份有限公司,資訊科技,,,,
盛晟國際有限公司,資訊科技,,,,
盛晶科技股份有限公司,資訊科技,,,,
盛源精密工業股份有限公司,製造業,,,,
盟創科技股份有限公司(合勤企業集團),資訊科技,,,,
盟立自動化股份有限公司,資訊科技,,,,
盟訊實業股份有限公司,資訊科技,,,,
盟訊科技股份有限公司,資訊科技,,,,
直得科技股份有限公司,資訊科技,,,,
直通國際股份有限公司,資訊科技,,,,
眾至資訊股份有限公司,資訊科技,,,,
眾陽機械製造股份有限公司,製造業,,,,
睿傳數據股份有限公司,資訊科技,,,,
睿士科技股份有限公司,資訊科技,,,,
睿志科技股份有限公司,資訊科技,,,,
睿明科技股份有限公司,資訊科技,,,,
睿鼎數位股份有限公司,資訊科技,,,,
知洋科技股份有限公司,資訊科技,,,,
矽格股份有限公司,資訊科技,,,,
矽煬自動化系統有限公司,資訊科技,,,,
矽響先創科技股份有限公司,資訊科技,,,,
研想科技股份有限公司,資訊科技,,,,
研揚科技股份有限公司,資訊科技,,,,
研測科技股份有限公司,資訊科技,,,,
碩天科技股份有限公司,資訊科技,,,,
碩成有限公司,資訊科技,,,,
碩益科技股份有限公司,資訊科技,,,,
碩網資訊股份有限公司,資訊科技,,,,
碩群資訊股份有限公司,資訊科技,,,,
碩誠國際股份有限公司,資訊科技,,,,
碩達系統股份有限公司,資訊科技,,,,
碩頂精密工業股份有限公司,製造業,,,,
碳基科技股份有限公司,資訊科技,,,,
磐旭智能股份有限公司,資訊科技,,,,
社群洞察股份有限公司,資訊科技,,,,
祐安資訊有限公司,資訊科技,,,,
神倫資訊股份有限公司,資訊科技,,,,
神基科技股份有限公司,資訊科技,,,,
神準科技股份有限公司,資訊科技,,,,
神準集團_恩嘉科技股份有限公司,資訊科技,,,,
神瑞人工智慧股份有限公司,資訊科技,,,,
神聚系統整合股份有限公司,資訊科技,,,,
神通資訊科技股份有限公司,資訊科技,,,,
神達電腦股份有限公司,資訊科技,,,,
祥碩科技股份有限公司,資訊科技,,,,
祺諾有限公司,資訊科技,,,,
福能股份有限公司,資訊科技,,,,
禾亞數位科技股份有限公司,資訊科技,,,,
禾光機械有限公司,製造業,,,,
禾力自動化科技有限公司,資訊科技,,,,
禾多移動多媒體股份有限公司,行銷,,,,
禾瑞亞科技股份有限公司,資訊科技,,,,
禾蒼科技股份有限公司,資訊科技,,,,
禾輝碳管理顧問股份有限公司,商業,,,,
禾邁股份有限公司,資訊科技,,,,
禾馨股份有限公司,資訊科技,,,,
禾麟數碼科技股份有限公司,資訊科技,,,,
科勝科技股份有限公司,資訊科技,,,,
科技文西有限公司,資訊科技,,,,
科替科技有限公司,資訊科技,,,,
科毅科技股份有限公司,資訊科技,,,,
科爾迪股份有限公司,資訊科技,,,,
科飛數位股份有限公司,資訊科技,,,,
程曦資訊整合股份有限公司,資訊科技,,,,
程豐資通股份有限公司,資訊科技,,,,
稜研科技股份有限公司,資訊科技,,,,
穎佳企業股份有限公司,資訊科技,,,,
穎崴科技股份有限公司,資訊科技,,,,
穩態光電科技股份有限公司,資訊科技,,,,
立克銘白生醫股份有限公司,資訊科技,,,,
立承系統科技股份有限公司,資訊科技,,,,
立方興業股份有限公司,資訊科技,,,,
立明資訊股份有限公司,資訊科技,,,,
立普思股份有限公司,資訊科技,,,,
竑騰科技股份有限公司,資訊科技,,,,
競鋒科技有限公司,資訊科技,,,,
竹陞科技股份有限公司,資訊科技,,,,
笛雅奇科技有限公司,資訊科技,,,,
第一美卡事業股份有限公司,資訊科技,,,,
築間餐飲事業股份有限公司,服務業,,,,
簡優科技有限公司,資訊科技,,,,
米塔行動邊緣運算股份有限公司,資訊科技,,,,
米粉生活科技有限公司,資訊科技,,,,
精俐生醫股份有限公司,資訊科技,,,,
精湛光學科技股份有限公司,資訊科技,,,,
精準醫電科技股份有限公司,資訊科技,,,,
精聯電子股份有限公司,資訊科技,,,,
精英人力資源股份有限公司,未分類,,,,
精誠資訊股份有限公司,資訊科技,,,,
精誠金融科技股份有限公司,資訊科技,,,,
精誠隨想行動科技股份有限公司,資訊科技,,,,
系微股份有限公司,資訊科技,,,,
系統電子工業股份有限公司,資訊科技,,,,
紐奧谷科技股份有限公司,資訊科技,,,,
細胞動力科技股份有限公司,資訊科技,,,,
統一數網股份有限公司,資訊科技,,,,
統一期貨股份有限公司,資訊科技,,,,
統一綜合證券股份有限公司,金融業,,,,
統一資訊股份有限公司,資訊科技,,,,
統一超商股份有限公司,資訊科技,,,,
統新光訊股份有限公司,資訊科技,,,,
經昌汽車電子工業股份有限公司,資訊科技,,,,
經貿聯網科技股份有限公司,資訊科技,,,,
綠基企業股份有限公司,資訊科技,,,,
綠捷股份有限公司,資訊科技,,,,
綠易股份有限公司,資訊科技,,,,
綠界科技股份有限公司,資訊科技,,,,
維夫拉克股份有限公司,資訊科技,,,,
維宜科技股份有限公司,資訊科技,,,,
維思感創股份有限公司,資訊科技,,,,
維林軟體有限公司,資訊科技,,,,
網家跨境服務股份有限公司,服務業,,,,
網擎資訊軟體股份有限公司,資訊科技,,,,
網智服務國際股份有限公司,服務業,,,,
網軟股份有限公司,資訊科技,,,,
網銀國際股份有限公司,資訊科技,,,,
網際威信股份有限公司,資訊科技,,,,
線上探索科技股份有限公司,資訊科技,,,,
緯創資通股份有限公司,資訊科技,,,,
緯創軟體股份有限公司,資訊科技,,,,
緯德科技股份有限公司 (TechLink Corporation),資訊科技,,,,
緯穎智造股份有限公司,資訊科技,,,,
緯穎科技服務股份有限公司,資訊科技,,,,
緯謙科技股份有限公司,資訊科技,,,,
總翔企業股份有限公司,資訊科技,,,,
繽紛科技股份有限公司,資訊科技,,,,
羅以精實數位轉型股份有限公司,資訊科技,,,,
羅昇企業股份有限公司,資訊科技,,,,
美克資訊有限公司,資訊科技,,,,
美勢科技股份有限公司,資訊科技,,,,
美台華德科技股份有限公司,資訊科技,,,,
美商夜貓子控股有限責任公司,資訊科技,,,,
美商安瑞科技股份有限公司,資訊科技,,,,
美商安科亞多有限公司台灣分公司,資訊科技,,,,
美商希爾士科技股份有限公司台灣分公司,資訊科技,,,,
美商康彼斯有限公司台灣分公司,未分類,,,,
美商德樂道科技有限公司台灣分公司,資訊科技,,,,
美商構光科技股份有限公司台灣分公司,資訊科技,,,,
美商正思網路股份有限公司台灣分公司,資訊科技,,,,
美商艾諾斯生技股份有限公司台灣分公司,醫療,,,,
美商螳螂機器人科技股份有限公司台灣分公司,資訊科技,,,,
美商語言連線有限公司台灣分公司,資訊科技,,,,
美商迪爾亞科技股份有限公司台灣分公司_D2 Technologies Inc.,資訊科技,,,,
美好證券股份有限公司,金融業,,,,
美康生物科技有限公司,資訊科技,,,,
美星健康科技有限公司,資訊科技,,,,
群利科技股份有限公司,資訊科技,,,,
群創光電股份有限公司,製造業,,,,
群勝系統科技股份有限公司,資訊科技,,,,
群悅科技股份有限公司,資訊科技,,,,
群益金鼎證券股份有限公司,金融業,,,,
群翊工業股份有限公司,資訊科技,,,,
群翌能源股份有限公司,資訊科技,,,,
群錄系統股份有限公司,資訊科技,,,,
義享時尚廣場_朕華國際股份有限公司,資訊科技,,,,
義傳科技股份有限公司,資訊科技,,,,
義大遊樂世界_義大世界購物廣場_義大開發股份有限公司,資訊科技,,,,
義美食品股份有限公司,資訊科技,,,,
羿承科技股份有限公司,資訊科技,,,,
翊芯科技股份有限公司,資訊科技,,,,
翔宇動力科技股份有限公司,資訊科技,,,,
翔慶精密工業有限公司,製造業,,,,
翔評互動股份有限公司,資訊科技,,,,
翰霖科技資訊股份有限公司,資訊科技,,,,
翱騰國際科技股份有限公司,資訊科技,,,,
耀瑄科技股份有限公司,資訊科技,,,,
耀聖資訊科技股份有限公司,資訊科技,,,,
老協珍股份有限公司,資訊科技,,,,
耐思尼股份有限公司,資訊科技,,,,
耘騰科技有限公司,資訊科技,,,,
聖勝科技有限公司,資訊科技,,,,
聖威光電科技發展股份有限公司,資訊科技,,,,
聖島國際專利商標聯合事務所,資訊科技,,,,
聖暉工程科技股份有限公司,資訊科技,,,,
聖森雲端科技股份有限公司,資訊科技,,,,
聖育科技股份有限公司,資訊科技,,,,
聚典資訊股份有限公司,資訊科技,,,,
聚睿電子股份有限公司,資訊科技,,,,
聚羿國際有限公司,資訊科技,,,,
聚陽實業股份有限公司,資訊科技,,,,
聯亞光電工業股份有限公司,製造業,,,,
聯剛科技股份有限公司,資訊科技,,,,
聯和科創股份有限公司,資訊科技,,,,
聯寶電子股份有限公司,資訊科技,,,,
聯德電子股份有限公司,資訊科技,,,,
聯想感行銷科技股份有限公司,資訊科技,,,,
聯新國際醫療集團 (聯新國際醫院) (聯新健康),醫療,,,,
聯昌電子企業股份有限公司,資訊科技,,,,
聯發科技股份有限公司,資訊科技,,,,
聯發科技集團_達發科技股份有限公司,資訊科技,,,,
聯盟電子科技股份有限公司,資訊科技,,,,
聯瞻資訊股份有限公司,資訊科技,,,,
聯翔_新采食品有限公司,未分類,,,,
聯興國際物流股份有限公司,服務業,,,,
聯華食品工業股份有限公司,資訊科技,,,,
聯詠科技股份有限公司,資訊科技,,,,
聯豪科創股份有限公司,資訊科技,,,,
聯鈞光電股份有限公司,製造業,,,,
聯銓資訊科技有限公司,資訊科技,,,,
聯錸科技股份有限公司,資訊科技,,,,
聯齊科技股份有限公司,資訊科技,,,,
聰泰科技開發股份有限公司,資訊科技,,,,
聿信醫療器材科技股份有限公司,資訊科技,,,,
聿鼎股份有限公司,資訊科技,,,,
肚肚股份有限公司,資訊科技,,,,
背景模式股份有限公司,資訊科技,,,,
能火動畫股份有限公司,資訊科技,,,,
自然互動科技股份有限公司,資訊科技,,,,
致伸科技股份有限公司,資訊科技,,,,
致富寶股份有限公司,資訊科技,,,,
致茂電子股份有限公司,資訊科技,,,,
臺北醫學科技股份有限公司,資訊科技,,,,
臺灣產物保險股份有限公司,金融業,,,,
臺醫光電科技股份有限公司,資訊科技,,,,
興聯科技股份有限公司,資訊科技,,,,
興誠科技股份有限公司,資訊科技,,,,
良匠科技有限公司,資訊科技,,,,
艾克爾國際科技股份有限公司,資訊科技,,,,
艾創科技股份有限公司,資訊科技,,,,
艾創點數位股份有限公司,資訊科技,,,,
艾可智能科技股份有限公司,資訊科技,,,,
艾弗思科技股份有限公司,資訊科技,,,,
艾思維特股份有限公司,資訊科技,,,,
艾捷科技有限公司,資訊科技,,,,
艾斯邁科技股份有限公司,資訊科技,,,,
艾盛科技股份有限公司,資訊科技,,,,
艾立斯科技股份有限公司,資訊科技,,,,
艾笛森光電股份有限公司,製造業,,,,
艾美斯科技有限公司,資訊科技,,,,
艾陽科技股份有限公司,資訊科技,,,,
芫鉅科技有限公司,資訊科技,,,,
芬里爾資料分析股份有限公司,資訊科技,,,,
芮弗數位有限公司,資訊科技,,,,
英商美棣有限公司台灣分公司,資訊科技,,,,
英商高維軟體有限公司台灣分公司,資訊科技,,,,
英屬維京群島商愛旺創新科技股份有限公司台灣分公司,資訊科技,,,,
英屬維京群島商捷興數位有限公司台灣分公司,資訊科技,,,,
英屬維京群島商智車有限公司台灣分公司,資訊科技,,,,
英屬維京群島商瑞嘉耐思科技有限公司台灣分公司,資訊科技,,,,
英屬維京群島商祥捷國際開發股份有限公司台灣分公司,資訊科技,,,,
英屬維京群島商祥茂光電科技股份有限公司台灣分公司,資訊科技,,,,
英屬開曼群島商意騰科技股份有限公司台灣分公司,資訊科技,,,,
英屬開曼群島商慧康生活科技股份有限公司台灣分公司,資訊科技,,,,
英屬開曼群島商沃彌股份有限公司,資訊科技,,,,
英屬開曼群島商繹勝科技有限公司台灣分公司,資訊科技,,,,
英屬開曼群島商萬里雲互聯股份有限公司台灣分公司,資訊科技,,,,
英屬開曼群島商裕慶金屬股份有限公司台灣分公司,資訊科技,,,,
英特拉金融科技股份有限公司,資訊科技,,,,
英特格系統股份有限公司,資訊科技,,,,
英福達科技股份有限公司,資訊科技,,,,
茂傑國際股份有限公司,資訊科技,,,,
茂林光電科技股份有限公司,資訊科技,,,,
華南產物保險股份有限公司,金融業,,,,
華厚股份有限公司,資訊科技,,,,
華城電機股份有限公司,資訊科技,,,,
華城電能科技股份有限公司,資訊科技,,,,
華威數位財金科技股份有限公司,資訊科技,,,,
華擎軟體科技股份有限公司,資訊科技,,,,
華景電通股份有限公司,資訊科技,,,,
"華東科技股份有限公司(Walton Advanced Engineering, Inc.)",資訊科技,,,,
華泰電子股份有限公司,資訊科技,,,,
華洋精機股份有限公司,資訊科技,,,,
華碩雲端股份有限公司,資訊科技,,,,
華碩電腦股份有限公司,資訊科技,,,,
華義國際數位娛樂股份有限公司,資訊科技,,,,
華苓科技股份有限公司,資訊科技,,,,
華電聯網股份有限公司,資訊科技,,,,
萊思特科技股份有限公司,資訊科技,,,,
萬世盛工程顧問股份有限公司,商業,,,,
萬業科技股份有限公司,資訊科技,,,,
萬泰科技股份有限公司,資訊科技,,,,
萬點國際有限公司,資訊科技,,,,
葳誠科技有限公司,資訊科技,,,,
葳騰科技股份有限公司,資訊科技,,,,
蔚華科技股份有限公司,資訊科技,,,,
藍天電腦股份有限公司,資訊科技,,,,
藍新科技股份有限公司,資訊科技,,,,
藍新資訊股份有限公司,資訊科技,,,,
藍星球資訊股份有限公司,資訊科技,,,,
藍科數位科技股份有限公司,資訊科技,,,,
藍耀科技有限公司,資訊科技,,,,
藏識科技有限公司,資訊科技,,,,
藝珂人事顧問股份有限公司,商業,,,,
蘊榮科技股份有限公司,資訊科技,,,,
虹堡科技股份有限公司,資訊科技,,,,
虹彩光電股份有限公司,製造業,,,,
融程電訊股份有限公司,資訊科技,,,,
行佳光電股份有限公司,製造業,,,,
衛波科技股份有限公司,資訊科技,,,,
裕隆集團_新鑫股份有限公司,資訊科技,,,,
覺揚股份有限公司,資訊科技,,,,
覺華工程科技股份有限公司,資訊科技,,,,
觸角智能科技股份有限公司,資訊科技,,,,
詠富國際數位有限公司,資訊科技,,,,
詮力科技股份有限公司,資訊科技,,,,
詮源資訊股份有限公司,資訊科技,,,,
誠仲企業有限公司,資訊科技,,,,
誠益科技股份有限公司,資訊科技,,,,
誠睿自動化系統有限公司,資訊科技,,,,
誠諾工程技術股份有限公司,資訊科技,,,,
誠雲科技股份有限公司,資訊科技,,,,
諾思資訊股份有限公司,資訊科技,,,,
諾歐科技股份有限公司,資訊科技,,,,
譁裕實業股份有限公司,資訊科技,,,,
譜威科技顧問股份有限公司,資訊科技,,,,
譯碼遞有限公司,資訊科技,,,,
豐藝電子股份有限公司,資訊科技,,,,
豐趣科技股份有限公司,資訊科技,,,,
豪勉科技股份有限公司,資訊科技,,,,
豪芯科技股份有限公司,資訊科技,,,,
貝克西弗股份有限公司,資訊科技,,,,
貝爾國際驗證股份有限公司,資訊科技,,,,
貝荷瑪科技有限公司,資訊科技,,,,
財團法人中華民國佛教慈濟慈善事業基金會,資訊科技,,,,
財團法人伊甸社會福利基金會,資訊科技,,,,
財團法人台灣地理資訊中心,資訊科技,,,,
財團法人台灣產業服務基金會,服務業,,,,
財團法人台灣省私立台南仁愛之家,資訊科技,,,,
財團法人和氣大愛文教基金會,資訊科技,,,,
財團法人國家實驗研究院,資訊科技,,,,
財團法人癌症希望基金會,資訊科技,,,,
財團法人船舶暨海洋產業研發中心,資訊科技,,,,
財宏科技股份有限公司,資訊科技,,,,
貴思科技股份有限公司,資訊科技,,,,
費米股份有限公司,資訊科技,,,,
資拓宏宇國際股份有限公司,資訊科技,,,,
資旅軟體開發有限公司,資訊科技,,,,
資誠企業管理顧問股份有限公司,商業,,,,
賽微科技股份有限公司,資訊科技,,,,
起維物聯科技有限公司,資訊科技,,,,
超恩股份有限公司,資訊科技,,,,
超慧科技股份有限公司,資訊科技,,,,
超豐電子股份有限公司,資訊科技,,,,
超象科技股份有限公司,資訊科技,,,,
越世實業股份有限公司,資訊科技,,,,
越山智能股份有限公司,資訊科技,,,,
路晰書股份有限公司,資訊科技,,,,
車王電子股份有限公司,資訊科技,,,,
軒郁國際股份有限公司,資訊科技,,,,
輝創電子股份有限公司,資訊科技,,,,
辛太科技有限公司,資訊科技,,,,
辛耘企業股份有限公司,資訊科技,,,,
辰淵企業股份有限公司,資訊科技,,,,
迅得機械股份有限公司,製造業,,,,
迅晟科技有限公司,資訊科技,,,,
迎廣科技股份有限公司,資訊科技,,,,
迪堡多富資訊股份有限公司,資訊科技,,,,
迪思科高科技股份有限公司,資訊科技,,,,
通航國際股份有限公司,資訊科技,,,,
速連通訊股份有限公司,資訊科技,,,,
逢甲大學_地理資訊系統研究中心,資訊科技,,,,
連宜股份有限公司,資訊科技,,,,
連虹股份有限公司,資訊科技,,,,
連達國際股份有限公司,未分類,,,,
連鋐科技股份有限公司,資訊科技,,,,
進典工業股份有限公司,資訊科技,,,,
進懋有限公司,資訊科技,,,,
遊戲雲端科技股份有限公司,資訊科技,,,,
達亞國際股份有限公司,資訊科技,,,,
達振能源股份有限公司(錸德集團),資訊科技,,,,
達擎股份有限公司,資訊科技,,,,
達暉資訊有限公司,資訊科技,,,,
達特富科技股份有限公司,資訊科技,,,,
達詳自動化股份有限公司,資訊科技,,,,
遠東新世紀股份有限公司,資訊科技,,,,
遵宇科技股份有限公司,資訊科技,,,,
邏仕數位股份有限公司,資訊科技,,,,
邑錡股份有限公司,資訊科技,,,,
邦捷股份有限公司,資訊科技,,,,
醫位資訊股份有限公司,資訊科技,,,,
醫全實業股份有限公司,資訊科技,,,,
醫華生技股份有限公司,醫療,,,,
采盟股份有限公司,資訊科技,,,,
采鈺科技股份有限公司,資訊科技,,,,
重高科技股份有限公司,資訊科技,,,,
金品企業有限公司,資訊科技,,,,
金永立有限公司,資訊科技,,,,
金瑲國際股份有限公司,資訊科技,,,,
金財通商務科技服務股份有限公司,資訊科技,,,,
金采科技企業有限公司,資訊科技,,,,
金阿波羅股份有限公司,資訊科技,,,,
鈊保資訊有限公司,資訊科技,,,,
鈊象電子股份有限公司,資訊科技,,,,
鈞曜科技有限公司,資訊科技,,,,
鈞陽系統整合有限公司,資訊科技,,,,
鈦度科技有限公司,資訊科技,,,,
鈦昇科技股份有限公司,資訊科技,,,,
鈦隼生物科技股份有限公司,資訊科技,,,,
鈺創科技股份有限公司,資訊科技,,,,
鈺立微電子股份有限公司,資訊科技,,,,
鈺群科技股份有限公司,資訊科技,,,,
鉅怡智慧股份有限公司,資訊科技,,,,
鉅瀚綠能股份有限公司,資訊科技,,,,
鉅碼科技股份有限公司,資訊科技,,,,
銘圃資訊有限公司,資訊科技,,,,
銘旺科技股份有限公司,資訊科技,,,,
銘異科技股份有限公司,資訊科技,,,,
銘祥科技實業股份有限公司,資訊科技,,,,
鋐寶科技股份有限公司,資訊科技,,,,
鋒形科技有限公司,資訊科技,,,,
鋒迪亞股份有限公司,資訊科技,,,,
錢隆科技股份有限公司,資訊科技,,,,
錦明集團_錦明實業股份有限公司,資訊科技,,,,
錫力科技股份有限公司,資訊科技,,,,
錸特霖科技股份有限公司,資訊科技,,,,
鎧睿全球科技股份有限公司,資訊科技,,,,
鏈加科技有限公司,資訊科技,,,,
鏵友益科技股份有限公司,資訊科技,,,,
鏵得企業股份有限公司,資訊科技,,,,
鑫強精密科技有限公司,資訊科技,,,,
鑫捷科技股份有限公司,資訊科技,,,,
鑫潮國際股份有限公司,資訊科技,,,,
鑫策資訊軟體股份有限公司,資訊科技,,,,
鑫鼎電機股份有限公司,資訊科技,,,,
長佳智能股份有限公司,資訊科技,,,,
長安體系連鎖社區醫院_長安醫院,資訊科技,,,,
長欣科技顧問有限公司,資訊科技,,,,
長聖儀器股份有限公司,資訊科技,,,,
長裕欣業股份有限公司,資訊科技,,,,
長鑫精密股份有限公司,製造業,,,,
開元通訊股份有限公司,資訊科技,,,,
閎康科技股份有限公司,資訊科技,,,,
閤美企業股份有限公司,資訊科技,,,,
關楗股份有限公司,資訊科技,,,,
關網資訊股份有限公司,資訊科技,,,,
關貿網路股份有限公司,資訊科技,,,,
關鍵智慧科技股份有限公司,資訊科技,,,,
阿波羅電力股份有限公司,資訊科技,,,,
阿爾發證券投資顧問股份有限公司,金融業,,,,
阿特發互動科技股份有限公司,資訊科技,,,,
阿甘科技股份有限公司,資訊科技,,,,
阿米巴科技股份有限公司,資訊科技,,,,
陞泰科技股份有限公司,資訊科技,,,,
陳立教育事業股份有限公司,教育,,,,
陶思網絡科技有限公司,資訊科技,,,,
陽程科技股份有限公司,資訊科技,,,,
陽鵬資訊股份有限公司,資訊科技,,,,
隴華電子股份有限公司,資訊科技,,,,
隼征股份有限公司,資訊科技,,,,
雄互聯科技股份有限公司,資訊科技,,,,
雄欣科技股份有限公司,資訊科技,,,,
雄獅資訊科技股份有限公司,資訊科技,,,,
集佳股份有限公司,資訊科技,,,,
集雅科技股份有限公司,資訊科技,,,,
雍智科技股份有限公司,資訊科技,,,,
雙子數位科技有限公司,資訊科技,,,,
雙餘實業股份有限公司,資訊科技,,,,
雲安電子股份有限公司,資訊科技,,,,
雲康管理顧問有限公司,商業,,,,
雲想科技股份有限公司,資訊科技,,,,
雲景科技股份有限公司,資訊科技,,,,
雲端力鍊股份有限公司,資訊科技,,,,
雲端物聯股份有限公司,資訊科技,,,,
雲端達人科技股份有限公司,資訊科技,,,,
雲訊科技有限公司,資訊科技,,,,
零壹科技股份有限公司_Zero One Tech,資訊科技,,,,
雷力科技股份有限公司,資訊科技,,,,
雷科股份有限公司,資訊科技,,,,
霸特人房屋_霸特人資產管理有限公司,資訊科技,,,,
鞍泰智造股份有限公司,資訊科技,,,,
韋僑科技股份有限公司,資訊科技,,,,
響石科技股份有限公司,資訊科技,,,,
順久資訊有限公司,資訊科技,,,,
頎邦科技股份有限公司,資訊科技,,,,
領導力科技股份有限公司,資訊科技,,,,
類神經網路股份有限公司,資訊科技,,,,
顯揚資訊股份有限公司,資訊科技,,,,
飛航新電能股份有限公司,資訊科技,,,,
飛輪電商有限公司,資訊科技,,,,
饗賓餐旅事業股份有限公司,資訊科技,,,,
香港商佛萊信電腦軟體有限公司台灣分公司,資訊科技,,,,
香港商唐尼爾森人力資源有限公司台灣分公司,未分類,,,,
香港商天宏軟體製作有限公司台灣分公司,資訊科技,,,,
香港商女媧創造股份有限公司台灣分公司,資訊科技,,,,
香港商恆洲薄膜事業有限公司台灣分公司,資訊科技,,,,
香港商永道無線射頻標籤有限公司台灣分公司,資訊科技,,,,
香港商聯寶電腦有限公司台灣分公司,資訊科技,,,,
香港商蒙卓有限公司台灣分公司,資訊科技,,,,
香港商藍鐘商業有限公司台灣分公司,商業,,,,
馬來西亞商金務大工程股份有限公司台灣分公司,資訊科技,,,,
馬修嚴選_彩宸生活事業股份有限公司,資訊科技,,,,
馬辣_尚品餐飲股份有限公司,服務業,,,,
騰學廣告科技股份有限公司,資訊科技,,,,
騰彬科技有限公司,資訊科技,,,,
騰曜網路科技股份有限公司,資訊科技,,,,
騰芯數位有限公司,資訊科技,,,,
騰雲科技服務股份有限公司,資訊科技,,,,
高優國際留學有限公司,未分類,,,,
高加盛科技有限公司,資訊科技,,,,
高柏科技股份有限公司,資訊科技,,,,
高琪系統整合股份有限公司,資訊科技,,,,
高登智慧科技股份有限公司,資訊科技,,,,
高雄榮民總醫院臺南分院,資訊科技,,,,
高鼎精密材料股份有限公司,製造業,,,,
魔力加有限公司,資訊科技,,,,
鴻佰科技股份有限公司,資訊科技,,,,
鴻勁精密股份有限公司,製造業,,,,
鴻圖股份有限公司,資訊科技,,,,
鴻宇科技服務有限公司,資訊科技,,,,
鴻岳科技有限公司,資訊科技,,,,
鴻森智能科技股份有限公司,資訊科技,,,,
鴻海精密工業股份有限公司,製造業,,,,
鴻海集團_英屬開曼群島商鴻騰精密科技股份有限公司台灣分公司,資訊科技,,,,
鴻碩集團_航碩興業有限公司,資訊科技,,,,
鴻華先進科技股份有限公司,資訊科技,,,,
鴻華國際科技股份有限公司,資訊科技,,,,
鷹傑管理顧問有限公司,商業,,,,
鷹翔有限公司,資訊科技,,,,
麒發科技有限公司,資訊科技,,,,
麗寶樂園_月眉國際開發股份有限公司,資訊科技,,,,
麗臺科技股份有限公司,資訊科技,,,,
麟數據科技股份有限公司,資訊科技,,,,
麥科先進股份有限公司,資訊科技,,,,
麻古茶坊股份有限公司,資訊科技,,,,
黎明工程顧問股份有限公司,商業,,,,
鼎唐科技有限公司,資訊科技,,,,
鼎基資訊電腦股份有限公司,資訊科技,,,,
鼎恒數位科技股份有限公司,資訊科技,,,,
鼎新數智股份有限公司,資訊科技,,,,
鼎漢國際工程顧問股份有限公司,商業,,,,
鼎盛資科股份有限公司,資訊科技,,,,
鼎華智能系統股份有限公司,資訊科技,,,,
鼎蓁科技股份有限公司,資訊科技,,,,
龍巖股份有限公司(總公司),資訊科技,,,,
龍德造船工業股份有限公司,資訊科技,,,,
龍星顯示科技股份有限公司,資訊科技,,,,
龍騰文化事業股份有限公司,資訊科技,,,,
龍鵬科技股份有限公司,資訊科技,,,,
